song_id,Title,Artist,left_text,right_text,left_idx,right_idx
250,Side To Side,Ariana Grande,me walkin' side to side i've been here all night i've been here all day and boy got me walkin' side to side side to side ariana grande been tryna hide it baby what's it gonna hurt if they don't know makin' everybody think that we just as long as,side ariana grande been tryna hide it baby what's it gonna hurt if they don't know makin' everybody think that we just as long as you know you got me you got me and boy i got ya 'cause tonight i'm making deals with the devil and i know it's,5,6
1120,Outro: Tear,BTS (방탄소년단),tear you're my tear you're my you're my tear what more can i say you're my tear jhope suga 같은 곳을 향해 걸었었는데 이곳이 우리의 마지막이 돼 영원을 말하던 우리였는데 가차없이 서로를 부수네 같은 꿈을 꿨다 생각했는데 그 꿈은 비로소 꿈이 되었네 심장이 찢겨져 차라리 불 태워줘 고통과 미련 그,것 같아서 늦었지만 넌 진실했다고 너만 나를 사랑했다고 더 rm you're my tear you're my you're my tear you're my tear you're my you're my tear you're my tear you're my you're my tear what more can i say you're my tear jhope suga 같은 곳을 향해 걸었었는데 이곳이 우리의,6,5
2854,Blow,Beyoncé,i want you to turn that cherry out turn that cherry out break je ne sais quoi cherie m vle w awsè a se nèt al kole pre keep me coming keep me going keep me coming keep me going keep me humming keep me moaning keep me humming keep,out i want you to turn that cherry out turn that cherry out i want you to turn that cherry out turn that cherry out i want you to turn that cherry out turn that cherry out break je ne sais quoi cherie m vle w awsè a se nèt,22,21
1479,Ocean Eyes (AC3 Remix),Billie Eilish,time you left her lonely with a diamond mind and those ocean eyes no fair you really know how to make me cry when you give me those ocean eyes i'm scared i've never fallen from quite this high falling into your ocean eyes those ocean eyes no fair you,give me those ocean eyes i'm scared i've never fallen from quite this high falling into your ocean eyes those ocean eyes no fair you really know how to make me cry when you give me those ocean eyes i'm scared i've never fallen from quite this high falling into,2,3
1562,Pop Off,Cardi B,wanna start war they talkin' shit i'm takin' tops off jeans off weaves off rings off everythin' off who wanna pop off who wanna start war they talkin' shit i'm takin' tops off jeans off weaves off rings off everythin' off casanova got beef with cardi b i'm poppin' off,war they talkin' shit i'm takin' tops off jeans off weaves off rings off everythin' off casanova got beef with cardi b i'm poppin' off shit get hectic i'ma drop it off oh you shinin' your chain and your watch is off you was never with this shit nigga knock,12,13
584,My Gospel,Charlie Puth,me love me throw away my pride for you just to make you love me want me trust me baby i know i'm all but shameless just need you and i could care less if everyone knows that i'm your fool girl there's nothing i wont do just to make,shameless just need you and i could care less if everyone knows that i'm your fool girl there's nothing i wont do just to make you love me love me love me hey i'd buy a couple redeye oneway tickets to paris to our first class ride then i'd carry,4,5
4891,Such a Rush,Coldplay,such a rush such a rush such a rush such a rush such a rush such a rush such a rush look at all the people going after money far too many people looking for their money everybody's out there trying to get money why can't you just tell me,down such a rush such a rush such a rush such a rush such a rush such a rush such a rush such a rush such a rush such a rush such a rush such a rush such a rush such a rush such a rush look at all the,5,4
643,Pound Cake / Paris Morton Music 2,Drake,if he wasn't in his feelings uh i'm back in my bag my eyes bloodshot but my jet don't lag a pair of jordan 's tryna chase this cash gucci airbag just in case we crash uh last night was mad trill i'm fresh out of advil jesus grab the,tryna chase this cash gucci airbag just in case we crash uh last night was mad trill i'm fresh out of advil jesus grab the wheel part paris morton music produced by detail 4 drake yeah uh look fuck all that happy to be here shit that y'all want me,26,27
51,If It Ain’t Me (Sad Disco) [Original],Dua Lipa,heart broke such a sad disco if it ain't me dua lipa so baby don't you let go i'm not really thinking clear too good to be true and that's what i feel like what if you left me here like what if you left me here and i feel,broke such a sad disco if it ain't me and baby if you ever uhuh find another lover you'll see i'll be dancing with my heart broke such a sad disco if it ain't me dua lipa so baby don't you let go i'm not really thinking clear too good,12,11
3517,"You Need Me, I Don’t Need You (Live Ustream Version)",Ed Sheeran,me man i dont need you you need me man i dont need you at all you need me man i dont need you you need me man i dont need you you need me man i dont need you you need me man i dont need you at all,me the chance to be free suffolk sadly seems to sort of suffocate me 'cause you need me man i dont need you you need me man i dont need you you need me man i dont need you at all you need me man i dont need you you,6,5
1603,Berzerk,Eminem,i know that i don't know question is are you bozos smart enough to feel stupid hope so now ho pre eminem kick your shoes off let your hair down and go berserk all night long grow your beard out just weird out and go berserk all night long eminem,blowin' up a valve vvvalvevalve ain't slowin' it down throw in the towel tttoweltowel dumb it down i don't know how huhhuh howhow at least i know that i don't know question is are you bozos smart enough to feel stupid hope so now ho pre eminem kick your shoes,14,13
3987,How To Love (Remix),Justin Bieber,the night you're the one i need see you had a lot of crooks trying to steal your heart never really had luck couldnt never figure out how to love how to love you had a lot of moments that didnt last forever now you in the corner trying to,figure out how to love how to love you had a lot of moments that didnt last forever now you in the corner trying to put it together how to love how to love for a second you were here why you over there it's hard not to stare the,10,11
5586,Black Widow,Katy Perry,'cause you fucked with me pre you used to be thirsty for me but now you wanna be set free but this is the web web that you weaved so baby now rest in peace i'm gonna love ya until you hate me yeah and i'm gonna show ya what's,you cross the line that i'ma triple scorpio with a wicked bite ooh can you feel the sting it's paralyzing now you're stuck with me 'cause you fucked with me pre you used to be thirsty for me but now you wanna be set free but this is the web,8,7
5975,Another Sad Love Song,Khalid,am hurting s they are burning lover i am worried tables they are turning lover i am hurting burning burning burning dadadadada turning turning turning turning dadadadada burning burning burning dadadadada turning turning turning turning dadadadada burning burning burning dadadadada turning turning turning turning dadadadada burning burning burning dadadadada turning,turning dadadadada burning burning burning dadadadada turning turning turning turning dadadadada burning burning burning dadadadada turning turning turning turning dadadadada burning burning burning dadadadada turning turning turning turning dadadadada s they are burning lover i am worried tables they are turning lover i am hurting s they are burning lover,7,8
2285,Filthy Pop,Lady Gaga,filthy pop pop pop pop we're done real filthy pop play it for me baby give it to me real filthy pop spin that tape spin it because it's fabulous play it for me baby give it to me real filthy pop spin that shit spin it till it's platinum,me baby give it to me real filthy pop spin that shit spin it till it's platinum huh huh huh yeah yeah yeah filthy pop pop pop pop we're done real filthy pop play it for me baby give it to me real filthy pop spin that tape spin it,7,6
3395,Harder to Breathe (The Cool Kids Remix),Maroon 5,how dare you say that my behavior's unacceptable so condescending unnecessarily critical i have the tendency of getting very physical so watch your step 'cause if i do you'll need a miracle you drain me dry and make me wonder why i'm even here the double vision i was seeing,if i do you'll need a miracle you drain me dry and make me wonder why i'm even here the double vision i was seeing is finally clear you want to stay but you know very well i want you gone not fit to fuckin' tread the ground that i,0,1
2619,Beautiful Sinner,Nicki Minaj,cheating liar but tonight you're everything i desire you beautiful sinner i love your wicked heart beautiful sinner it's such a work of art i didn't know that bad could look so good you are the type of bad that feels so good you beautiful sinner maybe you're the master,didn't know that bad could look so good you are the type of bad that feels so good you beautiful sinner maybe you're the master of disguise and you are puttin' on and you're really the saint the good one are you here to save me from the crowd if,8,9
5860,I’m Gonna Be,Post Malone,it up so ooh i'm gonna be what i want what i want what i want yeah what i want i'm gonna do what i want when i want when i want yeah what i want what i want yeah i'm goin' hard 'til i'm gone 'til i'm gone 'til,want when i want when i want yeah what i want what i want yeah i'm goin' hard 'til i'm gone 'til i'm gone 'til i'm gone yeah 'til i'm gone 'til i'm gone 'til i'm gone can you feel it ooh can you feel it hey i'm gonna be,12,13
5199,Work (R3HAB Remix),Rihanna,you took my heart and my keys and my patience you took my heart on my sleeve for decoration you mistaken my love i brought for you for foundation all that i wanted from you was to give me something that i never had something that you've never seen something,for you for foundation all that i wanted from you was to give me something that i never had something that you've never seen something that you've never been mmmmm but i wake up and act like nothing's wrong just get ready fi rihanna work work work work work work,2,3
4579,Boyfriend,Selena Gomez,but i just keep hitting dead ends try to take a shortcut but i get cut again and again yeah ooh i want a boyfriend uhhuh tell me are there any good ones left i keep finding wrong ones but i want love again and again i want a boyfriend,i just want more than me i know that there's a fine line between it's not what i need but oohhoo i want a boyfriend but i just keep hitting dead ends try to take a shortcut but i get cut again and again yeah ooh i want a boyfriend,10,9
4473,ME! (feat. Brendon Urie of Panic! At The Disco) (Live From The Billboard Music Awards),Taylor Swift,know there is a me i'm the only one of me ohoh baby that's the fun of me eeheeheeh oohoohoohooh strike the band up you can't spell awesome without me you're the only one of you baby that's the fun of you and i promise that nobody's gonna love you,is a me i'm the only one of me ohoh baby that's the fun of me eeheeheeh oohoohoohooh strike the band up you can't spell awesome without me you're the only one of you baby that's the fun of you and i promise that nobody's gonna love you like meee,19,20
